{
  "$id": "6595d4b2-9642-4a96-bec8-3f8933810c49",
  "$schema": "https://schema.yext.com/config/km/entity/v1",
  "primaryLocale": "fr_FR",
  "content": {
    "address": {
      "city": "LA CADIERE D\u0027AZUR",
      "countryCode": "FR",
      "line1": "121 chemin de la Cadière à Bandol",
      "line2": "D 559B",
      "postalCode": "83740"
    },
    "addressHidden": false,
    "alternatePhone": "+33494094882",
    "categoryIds": [
      "1251"
    ],
    "description": "L\u0027Espace Santé de La Cadière d\u0027Azur est un cabinet de radiologie moderne, offrant des services de diagnostic d\u0027imagerie médicale. Équipé de technologies avancées, il propose des examens variés tels que des radiographies, échographies et IRM, dans un cadre accueillant et professionnel. L\u0027équipe de radiologues qualifiés s\u0027engage à fournir des résultats précis et rapides, tout en assurant le bien-être des patients",
    "emails": [
      "radiologielacadiere@orange.fr"
    ],
    "hours": {
      "friday": {
        "openIntervals": [
          {
            "end": "12:30",
            "start": "08:30"
          },
          {
            "end": "18:00",
            "start": "13:30"
          }
        ]
      },
      "monday": {
        "openIntervals": [
          {
            "end": "12:30",
            "start": "08:30"
          },
          {
            "end": "18:00",
            "start": "13:30"
          }
        ]
      },
      "saturday": {
        "openIntervals": [
          {
            "end": "13:00",
            "start": "08:30"
          }
        ]
      },
      "sunday": {
        "isClosed": true
      },
      "thursday": {
        "openIntervals": [
          {
            "end": "12:30",
            "start": "08:30"
          },
          {
            "end": "18:00",
            "start": "13:30"
          }
        ]
      },
      "tuesday": {
        "openIntervals": [
          {
            "end": "12:30",
            "start": "08:30"
          },
          {
            "end": "18:00",
            "start": "13:30"
          }
        ]
      },
      "wednesday": {
        "openIntervals": [
          {
            "end": "12:30",
            "start": "08:30"
          },
          {
            "end": "18:00",
            "start": "13:30"
          }
        ]
      }
    },
    "locationType": "LOCATION",
    "mainPhone": "+33494003056",
    "name": "Espace Santé de La Cadière d\u0027Azur",
    "nudgeEnabled": false,
    "paymentOptions": [
      "CASH",
      "MAESTRO",
      "MASTERCARD",
      "VISA",
      "VPAY"
    ],
    "reservationUrl": {
      "displayUrl": "https://cad1-winbe6mdcqtub8.xplore.fr/XaPortailDiffusionMobile/#/LoginPortail/",
      "preferDisplayUrl": false,
      "url": "https://cad1-winbe6mdcqtub8.xplore.fr/XaPortailDiffusionMobile/#/LoginPortail/"
    },
    "timezone": "Europe/Paris",
    "websiteUrl": {
      "displayUrl": "http://radiologie-la-cadiere-dazur.fr",
      "preferDisplayUrl": false,
      "url": "http://radiologie-la-cadiere-dazur.fr"
    }
  },
  "entityType": "location",
  "labels": []
}